environment,parent_card,foundation_reference,status,material_delta_summary,owner_decision_status,correction_required,corrected_card,unresolved_conflict,notes
NF/NT,02_CARD_NF_NT.md,NF_NT_Environment_Reference.xlsx,OWNER_ACCEPTED_SEMANTIC_CONFLICT,"Overview C8 says switching occurs simultaneously; Owner authority says participants need not occupy all three modes at once",OWNER_ACCEPTED,OWNER_MEANING_PRESERVED,02_CARD_NF_NT.md,NO,"Owner meaning controls; accepted semantics remain unchanged"
NT/STJ,03_CARD_NT_STJ.md,NT_STJ_Environment_Reference.xlsx,ALIGNED_WITH_BOUNDED_WORDING_DELTA,"Foundation uses measurable-performance language; Owner accepts demonstrable practical effectiveness that need not reduce to one metric",OWNER_ACCEPTED,OWNER_MEANING_PRESERVED,03_CARD_NT_STJ.md,NO,"Owner meaning remains unchanged"
NT/STP,04_CARD_NT_STP.md,NT_STP_Environment_Reference.xlsx,MATERIAL_REFERENCE_DIVERGENCE,"CORR1 rebuilt the card around immediate empirical testing; CORR2 resolves the legacy ST-6 block as superseded provenance only",OWNER_ACCEPTED,FINAL_OWNER_INTEGRATION,04_CARD_NT_STP.md,NO,"Legacy fraud/pyramid semantics cannot define illustrate classify or support inference about current NT/STP"
NF/SFJ,05_CARD_NF_SFJ.md,NF_SFJ_Environment_Reference.xlsx,ALIGNED_WITH_BOUNDED_WORDING_DELTA,"Owner defines degradation as reflective narrowing and confirms upward resource concentration plus sacrificial-Other persistence as defining mechanisms",OWNER_ACCEPTED,FINAL_OWNER_INTEGRATION,05_CARD_NF_SFJ.md,NO,"No automatic manipulative-label or inferred-intent criterion added"
NF/SFP,06_CARD_NF_SFP.md,NF_SFP_Environment_Reference.xlsx,MATERIAL_REFERENCE_DIVERGENCE,"Owner accepts normal authentic creative/aesthetic/human-connection meaning and reclassifies old C-26B",OWNER_ACCEPTED,FINAL_OWNER_INTEGRATION,06_CARD_NF_SFP.md,NO,"Sensory/sexual/destructive material survives only in NF/SFP → NF/SP degradation; power is provenance only"
STJ/STP,07_CARD_STJ_STP.md,STJ_STP_Environment_Reference.xlsx,MATERIAL_REFERENCE_DIVERGENCE,"Owner resolves weak as relational inability to defend a resource claim and unfair as legacy evaluative wording",OWNER_ACCEPTED,FINAL_OWNER_INTEGRATION,07_CARD_STJ_STP.md,NO,"Current resource logic is neutral coercive redistribution toward actors able to take control and defend resources"
SFJ/SFP,08_CARD_SFJ_SFP.md,SFJ_SFP_Environment_Reference.xlsx,MATERIAL_REFERENCE_DIVERGENCE,"Owner resolves baseline Everyday/Moral positioning plus tradition loyalty and in-group membership boundaries",OWNER_ACCEPTED,FINAL_OWNER_INTEGRATION,08_CARD_SFJ_SFP.md,NO,"Social continuity belonging trusted relationships and preservation of accumulated resources take precedence over innovation competition or abstract knowledge production; membership may be ascribed or acquired; deep trust requires demonstrated loyalty over time"
STP/STJ,09_CARD_STP_STJ.md,STP_STJ_Environment_Reference.xlsx,MATERIAL_REFERENCE_DIVERGENCE,"CORR1 shell is replaced by the complete nine-field Owner-supplied organised-tactical-survival card",OWNER_ACCEPTED,OWNER_SUPPLIED_CARD_REPLACEMENT,09_CARD_STP_STJ.md,NO,"Foundation remains context and is not represented as source authority for the Owner-supplied semantics"
SFP/SFJ,10_CARD_SFP_SFJ.md,SFP_SFJ_Environment_Reference.xlsx,MATERIAL_REFERENCE_DIVERGENCE,"CORR1 shell is replaced by the complete nine-field Owner-supplied managed-emotional-sensory-engagement card",OWNER_ACCEPTED,OWNER_SUPPLIED_CARD_REPLACEMENT,10_CARD_SFP_SFJ.md,NO,"Foundation remains context and is not represented as source authority for the Owner-supplied semantics"
